{"cameraMode":{"drawMode":0,"name":"Shaded","section":"Shading Mode"},"sceneLighting":true,"audioPlay":false,"sceneViewState":{"showFog":true,"showMaterialUpdate":false,"showSkybox":true,"showFlares":true,"showImageEffects":true,"showParticleSystems":true},"in2DMode":false,"pivot":{"x":167.8216094970703,"y":338.5484619140625,"z":-629.6746826171875},"rotation":{"x":0.015240192413330078,"y":0.5724421143531799,"z":-0.010645951144397259,"w":0.8197511434555054},"size":126.22088623046875,"orthographic":true}