{"cameraMode":{"drawMode":0,"name":"Shaded","section":"Shading Mode"},"sceneLighting":true,"audioPlay":false,"sceneViewState":{"showFog":true,"showMaterialUpdate":false,"showSkybox":true,"showFlares":true,"showImageEffects":true,"showParticleSystems":true},"in2DMode":false,"pivot":{"x":-684.901611328125,"y":184.64404296875,"z":-755.3850708007813},"rotation":{"x":0.13461512327194215,"y":-0.7474926114082336,"z":0.1595642864704132,"w":0.6306154131889343},"size":1537.103759765625,"orthographic":false}