{"cameraMode":{"drawMode":0,"name":"Shaded","section":"Shading Mode"},"sceneLighting":true,"audioPlay":false,"sceneViewState":{"showFog":true,"showMaterialUpdate":false,"showSkybox":true,"showFlares":true,"showImageEffects":true,"showParticleSystems":true},"in2DMode":false,"pivot":{"x":549.008544921875,"y":258.1455383300781,"z":-133.375},"rotation":{"x":0.021823851391673089,"y":-0.6776019334793091,"z":-0.02012423239648342,"w":-0.7348300814628601},"size":559.9916381835938,"orthographic":false}